Title,Media URL,Pinterest board,Thumbnail,Description,Link,Publish date,Keywords
Ver Naruto Shippuden (2007) online en español,https://image.tmdb.org/t/p/w500/ews8shcDbRG3tY33dF0jClNvgIK.jpg,Anime en español,,"La historia transcurre en un mundo dominado por aldeas ninja. En las cuales el papel del ninja se traduce como el poder de cada país. Cada uno de estos cuenta con su aldea oculta que es donde estudian, entrenan, graduan y forman cada ninja. Los ninjas utilizan todo tipo de artes ▶ Disponible en X·STREAM, gratis y sin registro.",https://x.yapido.click/ver/naruto-shippuden/,,"Naruto Shippuden, ver online, en español, anime, Animación, Action & Adventure, Sci-Fi & Fantasy"
Ver Dragon ball super (2015) online en español,https://image.tmdb.org/t/p/w500/ruLBbIX15HrECgLJ3uZPo6X3YCN.jpg,Anime en español,,"Tras derrotar a Majin Buu, Goku y sus amigos tienen una vida de lo más pacífica: Goku ahora se dedica a la agricultura, aunque siempre encuentra un rato para seguir entrenando; Mister Satán se ha hecho famoso como gran salvador de la Humanidad; Trunks y Goten hacen cosas de niños ▶ Disponible en X·STREAM, gratis y sin registro.",https://x.yapido.click/ver/dragon-ball-super/,,"Dragon ball super, ver online, en español, anime, Animación, Action & Adventure, Sci-Fi & Fantasy"
Ver kimetsu no yaiba (2019) online en español,https://image.tmdb.org/t/p/w500/inXU5hvbDbitrYOgLrq2QjYqiJD.jpg,Anime en español,,"Tanjiro Kamado vive feliz con su madre y hermanos pequeños en la montaña, subsistiendo humildemente. Una mañana, al regresar a casa, se encuentra a toda su familia asesinada y a su hermana Nezuko convertida en demonio. Tanjiro buscará desesperadamente la manera de devolverla a su ▶ Disponible en X·STREAM, gratis y sin registro.",https://x.yapido.click/ver/kimetsu-no-yaiba/,,"kimetsu no yaiba, ver online, en español, anime, Animación, Action & Adventure, Sci-Fi & Fantasy"
Ver Death Note - Latino (2006) online en español,https://image.tmdb.org/t/p/w500/cFirFPdzle2QYyjFlLVwWUP5YAo.jpg,Anime en español,,"Light Yagami, un estudiante japonés, encuentra un cuaderno llamado Death Note que permite matar a cualquier persona cuyo nombre se escriba en él. Usando este poder, decide crear un mundo ""perfecto"" eliminando a los criminales. Sin embargo, su plan empieza a torcerse cuando L, un ▶ Disponible en X·STREAM, gratis y sin registro.",https://x.yapido.click/ver/death-note-latino/,,"Death Note - Latino, ver online, en español, anime, Animación, Misterio, Sci-Fi & Fantasy"
Ver Rurouni Kenshin (2023) online en español,https://image.tmdb.org/t/p/w500/mCafSOuO3PqgoxaweNCo45KpctE.jpg,Anime en español,,"Readaptación de la serie manga principal. Hace ciento cuarenta años en Kioto, con la llegada de los ""Barcos Negros"" estadounidenses, surgió un guerrero que, derribando hombres con su espada ensangrentada, se ganó el nombre de Hitokiri, ¡asesino! Su espada asesina ayudó a cerrar l ▶ Disponible en X·STREAM, gratis y sin registro.",https://x.yapido.click/ver/rurouni-kenshin/,,"Rurouni Kenshin, ver online, en español, anime, Animación, Action & Adventure"
Ver Tomo-Chan is a Girl! (2023) online en español,https://image.tmdb.org/t/p/w500/i8PkIciLlFx096VZmdJilnZEBuU.jpg,Anime en español,,"Tomo es una chica muy masculina que se encuentra en la situación más incómoda posible, y es que se ha enamorado de su amigo de la infancia, Junichiro, quien solo la considera uno más de sus amigos. Pese a que es una chica bastante atractiva y que le envía señales constantemente, ▶ Disponible en X·STREAM, gratis y sin registro.",https://x.yapido.click/ver/tomo-chan-is-a-girl/,,"Tomo-Chan is a Girl!, ver online, en español, anime, Animación, Comedia"
Ver Tokyo ghoul (2014) online en español,https://image.tmdb.org/t/p/w500/wdjQBMBf9su8eiDxDMnXPFNvZls.jpg,Anime en español,,"En Tokyo ocurren asesinatos misteriosos cometidos por Ghouls, seres desconocidos que comen carne humana, un día Kaneki Ken un joven de 18 años que cursa la Universidad conoce a una chica en un restaurante y la invita a salir, pero luego se da cuenta que ella es un Ghoul y sufre u ▶ Disponible en X·STREAM, gratis y sin registro.",https://x.yapido.click/ver/tokyo-ghoul/,,"Tokyo ghoul, ver online, en español, anime, Animación, Drama, Sci-Fi & Fantasy"
"Ver Apocalypto ( 2006) Online Latino, Castellano Y Subtitulada online en español",https://archive.org/services/img/apocalypto-2006-online-latino-castellano-y-subtitulada,Películas en español,,"Apocalypto ( 2006) Online Latino, Castellano Y Subtitulada completa y en español ▶ Disponible en X·STREAM, gratis y sin registro.",https://x.yapido.click/ver/apocalypto-2006-online-latino-castellano-y-subtitulada/,,"Apocalypto ( 2006) Online Latino, Castellano Y Subtitulada, ver online, en español, película"
Ver La Vendedora De Rosas (1998) online en español,https://image.tmdb.org/t/p/w500/oZgWtVMiq0IuuvmArTtLzWKIra3.jpg,Películas en español,,"Mónica tiene 13 años y ya se ha rebelado contra todo. Ha creado su propio mundo, en la calle, donde lucha con coraje para defender lo poco que tiene: sus amigas¸ tan niñas como ella; su novio, que vende droga, y su dignidad y su orgullo que no le hace concesiones a nadie. En la n ▶ Disponible en X·STREAM, gratis y sin registro.",https://x.yapido.click/ver/la-vendedora-de-rosas/,,"La Vendedora De Rosas, ver online, en español, película, Drama, Crimen"
Ver Dragon Ball Heroes Capítulos 1 Al 20 En Español Completos Full HD online en español,https://archive.org/services/img/dragon-ball-heroes-capitulos-1-al-20-en-espanol-completos-full-hd,Películas en español,,"Dragon Ball Heroes Capítulos 1 Al 20 En Español Completos Full HD completa y en español ▶ Disponible en X·STREAM, gratis y sin registro.",https://x.yapido.click/ver/dragon-ball-heroes-capitulos-1-al-20-en-espanol-completos-fu/,,"Dragon Ball Heroes Capítulos 1 Al 20 En Español Completos Full HD, ver online, en español, película"
Ver Rambo - Programado Para Matar online en español,https://archive.org/services/img/Rambo1,Películas en español,,"Rambo - Programado Para Matar completa y en español ▶ Disponible en X·STREAM, gratis y sin registro.",https://x.yapido.click/ver/rambo-programado-para-matar/,,"Rambo - Programado Para Matar, ver online, en español, película"
Ver El Despertar Del Diablo 2006 (2011) online en español,https://image.tmdb.org/t/p/w500/6cn59ln0KEG990ofoed1MUgsYGB.jpg,Películas en español,,"Visitantes de una cabaña luchan contra espíritus mortales con una sierra eléctrica, una pistola y conjuros egipcios ▶ Disponible en X·STREAM, gratis y sin registro.",https://x.yapido.click/ver/el-despertar-del-diablo-2006/,,"El Despertar Del Diablo 2006, ver online, en español, película, Documental"
"Ver Dragon Ball Super: Broly [480p, 720p, 1080p, 2160p][Mul-Sub&Dub] (2018) online en español",https://image.tmdb.org/t/p/w500/6JilEC1SON8tWIRHcdJzf4uVBpX.jpg,Películas en español,,"La Tierra vive en paz después de que concluyó el Torneo de Fuerza. Luego de darse cuenta que los Universos aún tienen muchos guerreros poderosos, Goku pasa todos los días entrenando para alcanzar un nivel de pelea mayor. Un día Goku y Vegeta enfrentan a un nuevo saiyan llamado “B ▶ Disponible en X·STREAM, gratis y sin registro.",https://x.yapido.click/ver/dragon-ball-super-broly-480p-720p-1080p-2160p-mul-sub-dub/,,"Dragon Ball Super: Broly [480p, 720p, 1080p, 2160p][Mul-Sub&Dub], ver online, en español, película, Acción, Ciencia ficción, Animación"
Ver Chainsaw Man – The Movie: Reze Arc Catch Up Watch Party online en español,https://archive.org/services/img/chainsaw-man-the-movie-reze-arc-catch-up-watch-party,Películas en español,,"Chainsaw Man – The Movie: Reze Arc Catch Up Watch Party completa y en español ▶ Disponible en X·STREAM, gratis y sin registro.",https://x.yapido.click/ver/chainsaw-man-the-movie-reze-arc-catch-up-watch-party/,,"Chainsaw Man – The Movie: Reze Arc Catch Up Watch Party, ver online, en español, película"
Ver Kamui no Ken sub esp (1985) online en español,https://image.tmdb.org/t/p/w500/dbhDKp4MzOZKNBVf2PYHutoWvDj.jpg,Películas en español,,"En la víspera de la restauración Meiji, mientras un Japón aletargado despierta y mira hacia el oeste; un tabernero encuentra a un niño llamado Jiro en un barco a la deriva. Un brillante cuchillo acompaña al chiquillo, la Daga de Kamui. Cuando Jiro cumple los trece años, su famili ▶ Disponible en X·STREAM, gratis y sin registro.",https://x.yapido.click/ver/kamui-no-ken-sub-esp/,,"Kamui no Ken sub esp, ver online, en español, película, Animación, Acción, Aventura"
Ver Doraemon Nobita Y Los Siete Magos ( 2007) Español Latino (2007) online en español,https://image.tmdb.org/t/p/w500/rEkIrwuMOyrplmo0dtx3CqpzQmX.jpg,Películas en español,,"En esta ocasión, con la ayuda de la cabina ""Qué Pasaría"" nuestros amigos viajan a una dimensión mágica en la que todo el mundo sin excepción vuela sobre alfombras y escobas. Nobita está empeñado en demostrar que la magia existe y que en ocasiones es más poderosa que la ciencia. T ▶ Disponible en X·STREAM, gratis y sin registro.",https://x.yapido.click/ver/doraemon-nobita-y-los-siete-magos-2007-espanol-latino/,,"Doraemon Nobita Y Los Siete Magos ( 2007) Español Latino, ver online, en español, película, Familia, Aventura, Animación, Ciencia ficción, Fantasía"
Ver The End Of Evangelion Movie 1999 Español Latino Netflix 2019 (1997) online en español,https://image.tmdb.org/t/p/w500/9jbxvKB937BWeYAmMKZTqPxBLsk.jpg,Películas en español,,"Seele ordena un ataque sin cuartel contra NERV con el objetivo de destruir los Evas antes de que Gendo pueda provocar el Tercer Impacto y la unión de las almas humanas. ▶ Disponible en X·STREAM, gratis y sin registro.",https://x.yapido.click/ver/the-end-of-evangelion-movie-1999-espanol-latino-netflix-2019/,,"The End Of Evangelion Movie 1999 Español Latino Netflix 2019, ver online, en español, película, Animación, Ciencia ficción, Drama, Fantasía, Acción"
Ver Amores Perros (2000) online en español,https://image.tmdb.org/t/p/w500/bVK4CPluBY9LFkzCAwhG5Fs04HE.jpg,Películas en español,,"Ciudad de México: un fatal accidente automovilístico afecta trágicamente a tres personas. Octavio, un joven adolescente, decide fugarse con Susana, la esposa de su hermano; el Cofí, su perro, se convierte en el medio para conseguir el dinero que necesitan para poder escapar junto ▶ Disponible en X·STREAM, gratis y sin registro.",https://x.yapido.click/ver/amores-perros/,,"Amores Perros, ver online, en español, película, Drama, Suspense"
Ver El Libro de la Vida (2014) online en español,https://image.tmdb.org/t/p/w500/k669nOalwu7NKhW7aWNJKN7Nxvi.jpg,Películas en español,,"La película cuenta el viaje de Manolo, un joven torero que se debate entre cumplir con las expectativas de su familia o seguir su corazón y dedicarse a su verdadera pasión: la música. Antes de escoger el camino que seguirá, emprende una aventura recorriendo tres mundos fantástico ▶ Disponible en X·STREAM, gratis y sin registro.",https://x.yapido.click/ver/el-libro-de-la-vida/,,"El Libro de la Vida, ver online, en español, película, Animación, Familia, Fantasía"
Ver Rio (2011) online en español,https://image.tmdb.org/t/p/w500/ydExhIrbFvPedN9tSIHzzniU1Dd.jpg,Películas en español,,"Blu es un guacamayo que ha crecido en un pequeño pueblo de Minnesota en EEUU, un buen día se entera que es el último espécimen macho de su especie. Es entonces cuando Blu y su dueña, compañera y protectora Linda, deciden tomar rumbo a Rio de Janeiro para conocer a Tulio, un excén ▶ Disponible en X·STREAM, gratis y sin registro.",https://x.yapido.click/ver/rio/,,"Rio, ver online, en español, película, Animación, Aventura, Comedia, Familia"
Ver Rio 2 Peliculas completas en espanol latino HD (1984) online en español,https://image.tmdb.org/t/p/w500/emLwuMVerAIoggz5pDEKHZ3jWA0.jpg,Películas en español,,"Rio 2 Peliculas completas en espanol latino HD completa y en español ▶ Disponible en X·STREAM, gratis y sin registro.",https://x.yapido.click/ver/rio-2-peliculas-completas-en-espanol-latino-hd/,,"Rio 2 Peliculas completas en espanol latino HD, ver online, en español, película, Terror"
Ver El Abrazo De La Serpiente [ Subs Español] (2015) online en español,https://image.tmdb.org/t/p/w500/iLcCVKuePGh7mgUndk59VUyctKJ.jpg,Películas en español,,"Karamakate fue en su día un poderoso chamán del Amazonas, es el último superviviente de su pueblo, y ahora vive en aislamiento voluntario en lo más profundo de la selva. Lleva años de total soledad que lo han convertido en chullachaqui, una cáscara vacía de hombre, privado de emo ▶ Disponible en X·STREAM, gratis y sin registro.",https://x.yapido.click/ver/el-abrazo-de-la-serpiente-subs-espanol/,,"El Abrazo De La Serpiente [ Subs Español], ver online, en español, película, Drama, Aventura"
"Ver ole, el viaje de ferdinand (2017) online en español",https://image.tmdb.org/t/p/w500/hC5FyR149ZOnXUuXdIHQN5LAozW.jpg,Películas en español,,"Ferdinand es un novillo muy tranquilo que prefiere sentarse bajo un árbol a oler las flores que saltar, resoplar y embestirse con otros toros. A medida que va creciendo y haciéndose fuerte, su temperamento no cambia y sigue siendo un toro manso. Un día, unos hombres vienen buscan ▶ Disponible en X·STREAM, gratis y sin registro.",https://x.yapido.click/ver/ole-el-viaje-de-ferdinand/,,"ole, el viaje de ferdinand, ver online, en español, película, Animación, Familia, Aventura, Comedia"
Ver Misión De Rescate ( 2020) Latino (2021) online en español,https://image.tmdb.org/t/p/w500/aJCqUjcUgjqS7bxLpgH0C7pe3WW.jpg,Películas en español,,"Un escuadrón de élite de los Navy SEAL, en una misión encubierta para transportar a un prisionero fuera de una prisión insular de la CIA, queda atrapado cuando los insurgentes atacan mientras intentan rescatar al mismo prisionero. ▶ Disponible en X·STREAM, gratis y sin registro.",https://x.yapido.click/ver/mision-de-rescate-2020-latino/,,"Misión De Rescate ( 2020) Latino, ver online, en español, película, Acción, Suspense, Crimen, Bélica"
Ver It ( Eso) ( 2017) Latino (2025) online en español,https://image.tmdb.org/t/p/w500/2titW404dPYOzK5NElQoAJ2ivK5.jpg,Series y maratones,,"Precuela de las películas de 'IT' basadas en las novelas de Stephen King. Comienza en la década de 1960, en la época previa a los acontecimientos de la película de 2017, y cuenta los orígenes del payaso Pennywise. ▶ Disponible en X·STREAM, gratis y sin registro.",https://x.yapido.click/ver/it-eso-2017-latino/,,"It ( Eso) ( 2017) Latino, ver online, en español, serie, Drama, Misterio"
Ver Ese es mi hijo - Pelicula español latino online en español,https://archive.org/services/img/darsag2,Películas en español,,"Ese es mi hijo - Pelicula español latino completa y en español ▶ Disponible en X·STREAM, gratis y sin registro.",https://x.yapido.click/ver/ese-es-mi-hijo-pelicula-espanol-latino/,,"Ese es mi hijo - Pelicula español latino, ver online, en español, película"
Ver La Pasion De Cristo (2004) online en español,https://image.tmdb.org/t/p/w500/qPSyfz3yzTHXh1s8KRNy5YMNQJL.jpg,Películas en español,,"Año 33 de nuestra era. En la provincia romana de Judea, un misterioso carpintero llamado Jesús de Nazareth comienza a anunciar la llegada del ""reino de Dios"" y se rodea de un grupo de humildes pescadores: los Apóstoles. Durante siglos, el pueblo judío había esperado la llegada de ▶ Disponible en X·STREAM, gratis y sin registro.",https://x.yapido.click/ver/la-pasion-de-cristo/,,"La Pasion De Cristo, ver online, en español, película, Drama"
Ver Momentum ( 2015) · Películas En Español online en español,https://archive.org/services/img/momentum-2015-.-peliculas-en-espanol,Películas en español,,"Momentum ( 2015) · Películas En Español completa y en español ▶ Disponible en X·STREAM, gratis y sin registro.",https://x.yapido.click/ver/momentum-2015-peliculas-en-espanol/,,"Momentum ( 2015) · Películas En Español, ver online, en español, película"
Ver Urotsukidoji: La Leyenda Del Señor Del Mal (1989) online en español,https://image.tmdb.org/t/p/w500/n2enco3SU6uaV7jlidjOvEkumBg.jpg,Películas en español,,"Según antiguas creencias, nuestro universo se compone de tres dimensiones paralelas: nuestro mundo, el de los demonios (Makai) y el de los hombres-bestia (Jyujinkai). Tres dimensiones interrelacionadas y a la vez totalmente separadas por diferentes vibraciones. Pero esas mismas c ▶ Disponible en X·STREAM, gratis y sin registro.",https://x.yapido.click/ver/urotsukidoji-la-leyenda-del-senor-del-mal/,,"Urotsukidoji: La Leyenda Del Señor Del Mal, ver online, en español, película, Animación, Acción, Terror, Fantasía"
Ver La Era De Hielo 2 (2006) online en español,https://image.tmdb.org/t/p/w500/wnBEdWq5gplaAgTmYFg4cq89mWi.jpg,Películas en español,,"¡Tus héroes favoritos han vuelto con otra magnífica aventura en esta gélida secuela del magnífico éxito mundial Ice Age! Y esta vez la cosa se calienta como la temperatura ambiente para Manny, Sid, Diego y Scrat, que abandonan su valle para escapar a una auténtica inundación de p ▶ Disponible en X·STREAM, gratis y sin registro.",https://x.yapido.click/ver/la-era-de-hielo-2/,,"La Era De Hielo 2, ver online, en español, película, Animación, Familia, Comedia, Aventura"
Ver La Era De Hielo 4 Peliculas completas espanol HD online en español,https://archive.org/services/img/la-era-de-hielo-4_202207,Películas en español,,"La Era De Hielo 4 Peliculas completas espanol HD completa y en español ▶ Disponible en X·STREAM, gratis y sin registro.",https://x.yapido.click/ver/la-era-de-hielo-4-peliculas-completas-espanol-hd/,,"La Era De Hielo 4 Peliculas completas espanol HD, ver online, en español, película"
Ver El Fin Del Mundo Películas De Acción Suspenso Y Terror Completas En Español online en español,https://archive.org/services/img/el-fin-del-mundo-peliculas-de-accion-suspenso-y-terror-completas-en-espanol,Películas en español,,"El Fin Del Mundo Películas De Acción Suspenso Y Terror Completas En Español completa y en español ▶ Disponible en X·STREAM, gratis y sin registro.",https://x.yapido.click/ver/el-fin-del-mundo-peliculas-de-accion-suspenso-y-terror-compl/,,"El Fin Del Mundo Películas De Acción Suspenso Y Terror Completas En Español, ver online, en español, película"
Ver Epic El Reino Secreto Peliculas completas en espanol latino HD online en español,https://archive.org/services/img/epic-el-reino-secreto,Películas en español,,"Epic El Reino Secreto Peliculas completas en espanol latino HD completa y en español ▶ Disponible en X·STREAM, gratis y sin registro.",https://x.yapido.click/ver/epic-el-reino-secreto-peliculas-completas-en-espanol-latino-/,,"Epic El Reino Secreto Peliculas completas en espanol latino HD, ver online, en español, película"
Ver ( Huérfanos) Peliculas Completas En Español Latino 2019 HD 2019( 720 P HD) (2002) online en español,https://image.tmdb.org/t/p/w500/kPFVD88FwZ15EWWlnBXh1AGBW2M.jpg,Películas en español,,"Narra la historia de un solitario comandante de policía (Jesús Ochoa) que se enfrenta al caso más particular de su larga y experimentada carrera: la muerte, causada por orgasmos múltiples, de varias y atractivas prostitutas. A lo largo de la investigación se encontrará con un cur ▶ Disponible en X·STREAM, gratis y sin registro.",https://x.yapido.click/ver/huerfanos-peliculas-completas-en-espanol-latino-2019-hd-2019/,,"( Huérfanos) Peliculas Completas En Español Latino 2019 HD 2019( 720 P HD), ver online, en español, película, Comedia, Crimen, Drama"
Ver VENGANZA DE UN TIRADOR Peliculas Completas En Español Mejor Peliculas De Accion online en español,https://archive.org/services/img/DisneyClubTv_venganza-de-un-tirador,Películas en español,,"VENGANZA DE UN TIRADOR Peliculas Completas En Español Mejor Peliculas De Accion completa y en español ▶ Disponible en X·STREAM, gratis y sin registro.",https://x.yapido.click/ver/venganza-de-un-tirador-peliculas-completas-en-espanol-mejor-/,,"VENGANZA DE UN TIRADOR Peliculas Completas En Español Mejor Peliculas De Accion , ver online, en español, película"
Ver La Puerta De Al Lado 2017 Peliculas Completas En Español Latino HD 1080 P. 136 online en español,https://archive.org/services/img/tecnotv_201804,Películas en español,,"La Puerta De Al Lado 2017 Peliculas Completas En Español Latino HD 1080 P. 136 completa y en español ▶ Disponible en X·STREAM, gratis y sin registro.",https://x.yapido.click/ver/la-puerta-de-al-lado-2017-peliculas-completas-en-espanol-lat/,,"La Puerta De Al Lado 2017 Peliculas Completas En Español Latino HD 1080 P. 136, ver online, en español, película"
Ver Kimi No Na Wa ( Your Name) Español Latino online en español,https://archive.org/services/img/kimi-no-na-wa-your-name-espanol-latino,Películas en español,,"Kimi No Na Wa ( Your Name) Español Latino completa y en español ▶ Disponible en X·STREAM, gratis y sin registro.",https://x.yapido.click/ver/kimi-no-na-wa-your-name-espanol-latino/,,"Kimi No Na Wa ( Your Name) Español Latino, ver online, en español, película"
Ver Scott Pilgrim contra los ex de la chica de sus sueños (2010) online en español,https://image.tmdb.org/t/p/w500/fgrVbga0oZQNeljO6dyoWknjOzJ.jpg,Películas en español,,"Scott Pilgrim deberá derrotar a los malévolos siete ex novios de su nueva novia para ganarse su corazón. ▶ Disponible en X·STREAM, gratis y sin registro.",https://x.yapido.click/ver/scott-pilgrim-contra-los-ex-de-la-chica-de-sus-suenos/,,"Scott Pilgrim contra los ex de la chica de sus sueños, ver online, en español, película, Acción, Comedia, Romance"
Ver Dragon Ball Z (Película) - El poder invencible [TVN][TV RIP] (1993) online en español,https://image.tmdb.org/t/p/w500/ohLUrudLh5WggTa3f7eb4WyJhMo.jpg,Películas en español,,"Un saiyan veterano, Paragus, decide ir a buscar a Vegeta a la Tierra. Su objetivo es restablecer el imperio de los saiyans. Goku, Vegeta, Trunks del futuro alternativo, Gohan, Krilin, Oolong y Kame-Sen’nin son llevados a un nuevo planeta el cual será el próximo mundo de los saiya ▶ Disponible en X·STREAM, gratis y sin registro.",https://x.yapido.click/ver/dragon-ball-z-pelicula-el-poder-invencible-tvn-tv-rip/,,"Dragon Ball Z (Película) - El poder invencible [TVN][TV RIP], ver online, en español, película, Animación, Ciencia ficción, Acción"
Ver Dragón Ball Super La Batalla De Los Dioses - Latino Dragonball online en español,https://archive.org/services/img/dragon-ball-super-la-batalla-de-los-dioses-hd-en-espanol-latino-dragonball-1080-p-hd,Películas en español,,"Dragón Ball Super La Batalla De Los Dioses - Latino Dragonball completa y en español ▶ Disponible en X·STREAM, gratis y sin registro.",https://x.yapido.click/ver/dragon-ball-super-la-batalla-de-los-dioses-latino-dragonball/,,"Dragón Ball Super La Batalla De Los Dioses - Latino Dragonball, ver online, en español, película"
Ver Dragon Ball Z & Películas Completas online en español,https://archive.org/services/img/in-shot-20260202-035147629,Películas en español,,"Dragon Ball Z & Películas Completas completa y en español ▶ Disponible en X·STREAM, gratis y sin registro.",https://x.yapido.click/ver/dragon-ball-z-peliculas-completas/,,"Dragon Ball Z & Películas Completas, ver online, en español, película"
Ver Pokémon El Regreso De Mewtwo Película Completa En Español Latino online en español,https://archive.org/services/img/pokemon-el-regreso-de-mewtwo-pelicula-completa-en-espanol-latino,Películas en español,,"Pokémon El Regreso De Mewtwo Película Completa En Español Latino completa y en español ▶ Disponible en X·STREAM, gratis y sin registro.",https://x.yapido.click/ver/pokemon-el-regreso-de-mewtwo-pelicula-completa-en-espanol-la/,,"Pokémon El Regreso De Mewtwo Película Completa En Español Latino, ver online, en español, película"
Ver El gigante de hierro (1999) online en español,https://image.tmdb.org/t/p/w500/voPAzJFyopCnLEwaBWpoX8uDvGI.jpg,Películas en español,,"En 1957, en la pequeña localidad de Rockwell, alguien ha visto cómo un enorme hombre metálico caía al mar. Un imaginativo niño descubre que se trata de un robot gigante, cuyo apetito de metal es insaciable. Entre ambos nace una fuerte amistad, pero el gobierno envía a un agente p ▶ Disponible en X·STREAM, gratis y sin registro.",https://x.yapido.click/ver/el-gigante-de-hierro/,,"El gigante de hierro, ver online, en español, película, Animación, Drama, Familia, Ciencia ficción, Aventura"
Ver El Regalo. 2015. DVDrip. Xvi D. Latino Peliculas 1linkmega.com online en español,https://archive.org/services/img/ElRegalo.2015.DVDrip.XviD.LatinoPeliculas1linkmega.com,Películas en español,,"El Regalo. 2015. DVDrip. Xvi D. Latino Peliculas 1linkmega.com completa y en español ▶ Disponible en X·STREAM, gratis y sin registro.",https://x.yapido.click/ver/el-regalo-2015-dvdrip-xvi-d-latino-peliculas-1linkmega-com/,,"El Regalo. 2015. DVDrip. Xvi D. Latino Peliculas 1linkmega.com, ver online, en español, película"
Ver Las Leyendas El Origen ( 2022) (2021) online en español,https://image.tmdb.org/t/p/w500/fR49hZdFJ6ZtRS23JW79VYmZgI7.jpg,Películas en español,,"Finado y Moribunda, dos calaveritas de azúcar, viven en el alegre y colorido Pueblo Calaca, donde hacen y deshacen a sus anchas sin ningún tipo de consecuencias. Todo cambia cuando un bebé humano cruza el Espejo Eterno y absorbe la energía del portal que separa los Reinos de los ▶ Disponible en X·STREAM, gratis y sin registro.",https://x.yapido.click/ver/las-leyendas-el-origen-2022/,,"Las Leyendas El Origen ( 2022), ver online, en español, película, Animación, Comedia, Fantasía, Aventura, Familia, Terror"
Ver EL NAVEGANTE – (Buster Keaton / 1924) [VOSE] (1924) online en español,https://image.tmdb.org/t/p/w500/eFIbnDnBnIi1qnz15UUiMFmjRmL.jpg,Películas en español,,"Un armador, de cuya hija está enamorado Buster Keaton, vende uno de sus barcos a un país que está en guerra con otro. Sin embargo, los agentes de este último país tienen la misión de dejar el barco a la deriva para que naufrague. En medio de esta trama, Buster y su enamorada se e ▶ Disponible en X·STREAM, gratis y sin registro.",https://x.yapido.click/ver/el-navegante-buster-keaton-1924-vose/,,"EL NAVEGANTE – (Buster Keaton / 1924) [VOSE], ver online, en español, película, Comedia, Acción, Aventura, Romance"
Ver Tierra De Osos 2 (2006) 720p Audio Latino online en español,https://archive.org/services/img/tierra-de-osos-2-2006-720p-audio-latino,Películas en español,,"Tierra De Osos 2 (2006) 720p Audio Latino completa y en español ▶ Disponible en X·STREAM, gratis y sin registro.",https://x.yapido.click/ver/tierra-de-osos-2-2006-720p-audio-latino/,,"Tierra De Osos 2 (2006) 720p Audio Latino, ver online, en español, película"
Ver Blues de Madrastra e Hijastra (Gibo to Musume no Blues) [Español Latino] online en español,https://archive.org/services/img/blues-de-madrastra-e-hijastra-gibo-to-musume-no-blues-espanol-latino,Anime en español,,"Blues de Madrastra e Hijastra (Gibo to Musume no Blues) [Español Latino] completa y en español ▶ Disponible en X·STREAM, gratis y sin registro.",https://x.yapido.click/ver/blues-de-madrastra-e-hijastra-gibo-to-musume-no-blues-espano/,,"Blues de Madrastra e Hijastra (Gibo to Musume no Blues) [Español Latino], ver online, en español, anime"
Ver La Hija de Lupin (Lupin no Musume) [Español Latino] online en español,https://archive.org/services/img/la-hija-de-lupin-lupin-no-musume-espanol-latino,Anime en español,,"La Hija de Lupin (Lupin no Musume) [Español Latino] completa y en español ▶ Disponible en X·STREAM, gratis y sin registro.",https://x.yapido.click/ver/la-hija-de-lupin-lupin-no-musume-espanol-latino/,,"La Hija de Lupin (Lupin no Musume) [Español Latino], ver online, en español, anime"
Ver Dram online en español,https://archive.org/services/img/dram_20240713,Series y maratones,,"Dram completa y en español ▶ Disponible en X·STREAM, gratis y sin registro.",https://x.yapido.click/ver/dram/,,"Dram, ver online, en español, serie"